{"cameraMode":{"drawMode":0,"name":"Shaded","section":"Shading Mode"},"sceneLighting":false,"audioPlay":false,"sceneViewState":{"m_AlwaysRefresh":false,"showFog":true,"showSkybox":false,"showFlares":true,"showImageEffects":true,"showParticleSystems":true,"showVisualEffectGraphs":true,"m_FxEnabled":true},"in2DMode":false,"pivot":{"x":0.19714362919330598,"y":2.382972002029419,"z":0.42439979314804079},"rotation":{"x":0.44771209359169009,"y":0.5252900123596191,"z":-0.382979154586792,"w":0.6140244007110596},"size":2.236818552017212,"orthographic":true}