{"cameraMode":{"drawMode":0,"name":"Shaded","section":"Shading Mode"},"sceneLighting":false,"audioPlay":false,"sceneViewState":{"m_AlwaysRefresh":false,"showFog":true,"showSkybox":false,"showFlares":true,"showImageEffects":true,"showParticleSystems":true,"showVisualEffectGraphs":true,"m_FxEnabled":true},"in2DMode":false,"pivot":{"x":-1.391397476196289,"y":0.24936659634113313,"z":-2.970438003540039},"rotation":{"x":0.06142235919833183,"y":0.03558613359928131,"z":-0.002238035900518298,"w":0.9974992275238037},"size":2.1538076400756838,"orthographic":true}